{
   "base0x" : 7.404375076293945,
   "base0y" : -0.1893653869628906,
   "base0z" : -8.498696327209473,
   "base1x" : -7.831527709960938,
   "base1y" : -0.4193240404129028,
   "base1z" : -6.842009544372559,
   "base2x" : -6.723202705383301,
   "base2y" : 0.2051475644111633,
   "base2z" : 7.303596019744873,
   "base3x" : 8.839592933654785,
   "base3y" : -0.1399574279785156,
   "base3z" : 7.629283905029297,
   "camera_eye_point_x" : -3.642932891845703,
   "camera_eye_point_y" : 19.74282455444336,
   "camera_eye_point_z" : 0.4569430351257324,
   "camera_fov" : 45.0,
   "camera_viewdir_x" : 0.1757130920886993,
   "camera_viewdir_y" : -0.9844079017639160,
   "camera_viewdir_z" : -0.008123099803924561
}
