{
   "base0x" : 7.758213996887207,
   "base0y" : -0.1223716735839844,
   "base0z" : -8.963613510131836,
   "base1x" : -7.981016635894775,
   "base1y" : -0.4437667131423950,
   "base1z" : -7.113328933715820,
   "base2x" : -6.871456146240234,
   "base2y" : 0.1779869198799133,
   "base2z" : 7.387728691101074,
   "base3x" : 8.945968627929688,
   "base3y" : -0.1201877593994141,
   "base3z" : 7.534353256225586,
   "camera_eye_point_x" : -3.761906385421753,
   "camera_eye_point_y" : 19.71466636657715,
   "camera_eye_point_z" : 1.295738339424133,
   "camera_fov" : 45.0,
   "camera_viewdir_x" : 0.1757130920886993,
   "camera_viewdir_y" : -0.9844079017639160,
   "camera_viewdir_z" : -0.008123099803924561
}
