{
   "base0x" : 8.793806076049805,
   "base0y" : 6.879590988159180,
   "base0z" : -8.340875625610352,
   "base1x" : -10.0,
   "base1y" : 0.0,
   "base1z" : -10.0,
   "base2x" : -10.0,
   "base2y" : 0.0,
   "base2z" : 10.0,
   "base3x" : 10.0,
   "base3y" : 0.0,
   "base3z" : 10.0,
   "camera_eye_point_x" : -20.07210922241211,
   "camera_eye_point_y" : 11.04146575927734,
   "camera_eye_point_z" : -1.215629339218140,
   "camera_fov" : 45.0,
   "camera_viewdir_x" : 0.9014793038368225,
   "camera_viewdir_y" : -0.4328178763389587,
   "camera_viewdir_z" : 0.001994706690311432
}
