{
   "base0x" : 7.617444992065430,
   "base0y" : -0.1499576568603516,
   "base0z" : -8.665541648864746,
   "base1x" : -7.818423271179199,
   "base1y" : -0.4158316850662231,
   "base1z" : -6.981729507446289,
   "base2x" : -6.761157035827637,
   "base2y" : 0.1983593106269836,
   "base2z" : 7.305350780487061,
   "base3x" : 8.884841918945312,
   "base3y" : -0.1320495605468750,
   "base3z" : 7.649695396423340,
   "camera_eye_point_x" : -3.642932891845703,
   "camera_eye_point_y" : 19.74282455444336,
   "camera_eye_point_z" : 0.4569430351257324,
   "camera_fov" : 45.0,
   "camera_viewdir_x" : 0.1757130920886993,
   "camera_viewdir_y" : -0.9844079017639160,
   "camera_viewdir_z" : -0.008123099803924561
}
